subject,subtest,normalised_score
47,swm,0.0666666666666667
47,2pd,0.0
47,sti,0.0
47,sollerman,0.666666666666667
