subject,subtest,normalised_score
22,swm,0.266666666666667
22,2pd,0.0
22,sti,0.0
22,sollerman,0.666666666666667
