subject,subtest,normalised_score
63,swm,0.6
63,2pd,0.333333333333333
63,sti,0.0
63,sollerman,0.416666666666667
