subject,subtest,normalised_score
26,swm,0.333333333333333
26,2pd,0.0
26,sti,0.0
26,sollerman,0.166666666666667
