subject,subtest,normalised_score
42,swm,0.266666666666667
42,2pd,0.0
42,sti,0.0
42,sollerman,0.666666666666667
