subject,subtest,normalised_score
39,swm,0.666666666666667
39,2pd,0.666666666666667
39,sti,0.666666666666667
39,sollerman,0.416666666666667
