subject,subtest,normalised_score
61,swm,0.333333333333333
61,2pd,0.0
61,sti,0.0
61,sollerman,0.666666666666667
