subject,subtest,normalised_score
32,swm,0.6
32,2pd,0.0
32,sti,0.333333333333333
32,sollerman,0.166666666666667
