subject,subtest,normalised_score
25,swm,0.466666666666667
25,2pd,0.0
25,sti,1.0
25,sollerman,0.583333333333333
