subject,subtest,normalised_score
57,swm,0.333333333333333
57,2pd,0.0
57,sti,0.0
57,sollerman,0.666666666666667
