subject,subtest,normalised_score
40,swm,0.933333333333333
40,2pd,1.0
40,sti,1.0
40,sollerman,0.833333333333333
