subject,subtest,normalised_score
31,swm,0.866666666666667
31,2pd,1.0
31,sti,0.833333333333333
31,sollerman,0.75
