subject,subtest,normalised_score
27,swm,0.866666666666667
27,2pd,1.0
27,sti,0.833333333333333
27,sollerman,0.75
