subject,subtest,normalised_score
21,swm,0.266666666666667
21,2pd,0.333333333333333
21,sti,0.0
21,sollerman,0.0
